Thương hiệu,Số hiệu sản phẩm,Bộ sưu tập,Xuất xứ,Giới tính,Kính,Máy,Bảo hành quốc tế,Bảo hành tại Hải Triều,Đường kính mặt số,Bề dày mặt số,Niềng,Dây đeo,Màu mặt số,Chống nước,Chức năng,Nơi sản xuất,Giá
Orient,RA-AK0801S30B,Orient Sun&Moon,Nhật Bản,Nam,Mineral Crystal,Automatic,1 năm,5 năm,41.5 mm,14.2 mm,Thép Không Gỉ,Dây Da,Trắng,5 ATM,"Caliber F6B24, 22 Chân Kính, Tần Số Dao Động 21.600vph, Trữ Cót 40 Giờ, Lịch Tuần Trăng,",Trung Quốc,11.360.000 ₫
Orient,RA-TX0302S10B,Sapphire,Nhật Bản,Nam,Sapphire,Thép Không Gỉ,1 năm,5 năm,40 mm,11.1 mm,Thép Không Gỉ,Thép Không Gỉ,Trắng,5 ATM,"Caliber VS752, Chronograph, Dự Trữ Năng Lượng 6 Tháng",Trung Quốc,9.230.000 ₫
Orient,RA-TX0304L10B,Sapphire,Nhật Bản,Nam,Sapphire,Thép Không Gỉ,1 năm,5 năm,40 mm,11.1 mm,Thép Không Gỉ,Thép Không Gỉ,Xanh Tiffany,5 ATM,"Caliber VS752, Chronograph, Dự Trữ Năng Lượng 6 Tháng",Trung Quốc,8.050.000 ₫
Orient Star,RE-AV0B01S00B,Sapphire,Nhật Bản,Nam,Sapphire,Automatic,1 năm,5 năm,41 mm,13.6 mm,Thép Không Gỉ,Thép Không Gỉ,Trắng,10 ATM,"In-house Caliber F6F44, 24 Chân Kính, Tần Số Dao Động 21.600vph, Trữ Cót 50 Giờ,",Trung Quốc,26.840.000 ₫
Orient Star,RE-AV0B08L00B,Kính Sapphire,Nhật Bản,Nam,Kính Sapphire,Automatic,1 năm,5 năm,41 mm,14 mm,Thép Không Gỉ,Thép Không Gỉ,Xanh Lam,10 ATM,"In-house Caliber F6F44, 24 Chân Kính, Tần Số Dao Động 21.600vph, Trữ Cót 50 Giờ,",Trung Quốc,27.560.000 ₫
G-Shock GA-100,GA-100-1A1HDR,G-Shock GA-100,Nhật Bản,Nam,Mineral Crystal,Quartz,NaN,NaN,55mm × 51.2mm,16.9 mm,Nơi sản xuất (Tùy từng lô hàng),Dây cao su,Xanh,20 ATM,Lịch – Bộ bấm giờ – Giờ kép – Đèn led – Vài chức năng khác,Trung Quốc,4.147.000 ₫
NaN,NaN,NaN,NaN,NaN,NaN,NaN,NaN,NaN,NaN,NaN,NaN,NaN,NaN,NaN,NaN,Thụy Sỹ,27.300.000 ₫
Hardlex Crystal,SSK037J1,Hardlex Crystal,Nhật Bản,Nam,Hardlex Crystal,Automatic,1 năm,,40.5 mm,12.8 mm,Thép không gỉ,Thép không gỉ,Xanh dương,5 ATM,Lịch ngày –,NaN,18.375.000 ₫
Kính Sapphire,RE-AV0122L00B (Phiên bản giới hạn 1200 chiếc toàn thế giới),Kính Sapphire,Nhật Bản,Nam,Kính Sapphire,Automatic,1 năm,5 năm,41 mm,12 mm,Thép không gỉ,Thép dáng Oyster,Xanh lá,10 ATM,NaN,Trung Quốc,28.440.000 ₫
Tissot,NaN,Sapphire,Thụy Sỹ,NaN,Sapphire,Quartz,2 năm,,40 mm,10 mm,Thép không gỉ,Thép không gỉ (mạ vàng PVD),Đen,30 ATM,Lịch ngày – EOL (Báo hết pin),Thụy Sỹ,14.630.000 ₫
Longines,L4.961.4.11.6,Longines Lyre,Thụy Sỹ,Nam,Sapphire,Automatic,2 năm,,40 mm,8.7 mm,Thép Không Gỉ,Thép Không Gỉ,Trắng,3 ATM,NaN,Thụy Sỹ,41.496.000 ₫
Mineral Crystal,RA-BA0001G10B,NaN,Nhật Bản,Nam,Mineral Crystal,Automatic,1 năm,5 năm,43.5 mm,mm,Thép không gỉ,Thép không gỉ,Vàng,5 ATM,Lịch Vạn Niên – Lịch ngày,Trung Quốc,9.890.000 ₫
Mineral Crystal,RA-BA0002E10B,NaN,Nhật Bản,Nam,Mineral Crystal,Automatic,1 năm,5 năm,43.5 mm,mm,Thép không gỉ,Thép không gỉ,Xanh lá,5 ATM,Lịch Vạn Niên – Lịch ngày,Trung Quốc,8.320.000 ₫
Sapphire,NaN,NaN,Thụy Sỹ,Nam,Sapphire,Automatic,2 năm,4 năm,42 mm,"14,1 mm",Thép không gỉ,Thép không gỉ,Xanh dương,10 ATM,Chống từ; Dừng kim giây; Viền benzel xoay hai chiều,Thụy Sỹ,84.812.500 ₫
Mineral Crystal,RA-AB0E08L1BD,NaN,Nhật Bản,Nam,Mineral Crystal,Automatic,1 năm,,39.4 mm,11 mm,Thép không gỉ,Thép không gỉ,Xanh dương,3 ATM,NaN,Trung Quốc,4.710.000 ₫
Fossil,ME3261,NaN,Mỹ,Nam,Mineral Crystal,Automatic,2 năm,,42 mm,12.4 mm,Thép không gỉ,Dây da,Xanh lá,5 ATM,NaN,Trung Quốc,7.670.000 ₫
Sapphire,,Sapphire,Thụy Sỹ,NaN,Sapphire,NaN,2 năm,,40 mm,12.5 mm,Thép không gỉ,Dây da tổng hợp Evo-NXT Premium Composite,Đen,30 ATM,Lịch ngày,Thụy Sỹ,22.400.000 ₫
Sapphire,T120.410.17.011.00,Sapphire,Thụy Sỹ,NaN,Sapphire,Quartz,2 năm,,40 mm,10 mm,Thép không gỉ,Dây da tổng hợp Evo-NXT Premium Composite,Đen,30 ATM,Lịch ngày – EOL (Báo hết pin),Thụy Sỹ,13.300.000 ₫
Sapphire,SJE109J1,Sapphire,Nhật Bản,Nam,Sapphire,Automatic,3 năm,NaN,39.4 mm,9.9 mm,Thép Không Gỉ,Thép không gỉ,Trắng (Metropolis Silver),5 ATM,NaN,Nhật Bản,90.750.000 ₫
Sapphire,SPB389J1,Sapphire,Nhật Bản,Nam,Sapphire,Automatic,1 năm,NaN,38.3 mm,11.7 mm,Thép Không Gỉ,Thép không gỉ,Xanh chàm (Indigo Denim Blue),10 ATM,NaN,Nhật Bản,58.500.000 ₫
Sapphire,SPB287J1,Sapphire,Nhật Bản,Nam,Sapphire,Automatic,3 năm,NaN,37 mm,12.1 mm,Thép Không Gỉ,Thép không gỉ,Đỏ,10 ATM,NaN,Nhật Bản,49.750.000 ₫
Sapphire,SPB279J1,Sapphire,Nhật Bản,Nam,Sapphire,Automatic,1 năm,NaN,37 mm,12.1 mm,Thép Không Gỉ,Thép không gỉ,Trắng,10 ATM,NaN,Nhật Bản,49.750.000 ₫
Sapphire,SPB457J1,Sapphire,Nhật Bản,Nam,Sapphire,Automatic,3 năm,NaN,36.1 mm,11.6 mm,Thép Không Gỉ,Thép không gỉ,Xanh dương,10 ATM,Dạ quang,Nhật Bản,55.750.000 ₫
Seiko Presage Cocktail,SSA441J1,Seiko Presage Cocktail,Nhật Bản,Nam,Hardlex Crystal,Automatic,1 năm,5 năm,40.5 mm,11.8 mm,Thép không gỉ,Thép không gỉ,Xanh,5 ATM(Có thể đeo đi tắm),NaN,NaN,14.780.000 ₫
Mineral Crystal,BI5100-58A,NaN,Nhật Bản,Nam,Mineral Crystal,Quartz,1 năm,5 năm,41 mm,11 mm,Thép không gỉ,Thép dáng Oyster,Trắng,5 ATM,Lịch ngày,Trung Quốc,4.485.000 ₫
Seiko Prospex,SPB121J1,Seiko Prospex,Nhật Bản,Nam,Sapphire,Automatic,1 năm,5 năm,39.5 mm,13.2 mm,Thép không gỉ,Dây da chính hãng,Xanh lục,20 ATM,Lịch ngày – La bàn – Hacking Second,NaN,22.840.000 ₫
Seiko 5 Field,SRPG29K1,Seiko 5 Field,Nhật Bản,Nam,Hardlex Crystal,Automatic,1 năm,5 năm,39.4 mm,13.2 mm,Thép không gỉ,Thép không gỉ,Xanh,10 ATM,NaN,NaN,9.430.000 ₫
NaN,NaN,Seiko Prospex,NaN,NaN,Sapphire,Thép không gỉ,NaN,NaN,NaN,NaN,Thép không gỉ,NaN,NaN,NaN,NaN,NaN,23.600.000 ₫
NaN,NaN,Seiko Prospex,NaN,NaN,Sapphire,Thép không gỉ,NaN,NaN,NaN,NaN,Thép không gỉ,NaN,NaN,NaN,NaN,NaN,24.930.000 ₫
NaN,NaN,Seiko Prospex,NaN,NaN,Sapphire,Thép không gỉ,NaN,NaN,NaN,NaN,Thép không gỉ,NaN,NaN,NaN,NaN,NaN,24.360.000 ₫
Seiko Presage,SPB465J1,Seiko Presage,Nhật Bản,Nam,Sapphire,Automatic,1 năm,NaN,40.2 mm,13.0 mm,Thép Không Gỉ,Thép không gỉ,Xanh lá sẫm,10 ATM,Lịch ngày – Chống từ tính 4.800 a/m,Nhật Bản,31.380.000 ₫
Seiko Presage,SPB467J1,Seiko Presage,Nhật Bản,Nam,Sapphire,Automatic,1 năm,NaN,40.2 mm,13.0 mm,Thép Không Gỉ,Thép không gỉ,hồng nhạt (cá hồi),10 ATM,Lịch ngày – Chống từ tính 4.800 a/m,Nhật Bản,31.380.000 ₫
Seiko Presage,SPB463J1,Seiko Presage,Nhật Bản,Nam,Sapphire,Automatic,1 năm,NaN,40.2 mm,13.0 mm,Thép Không Gỉ,Thép không gỉ,Cát trắng,10 ATM,Lịch ngày – Chống từ tính 4.800 a/m,Nhật Bản,31.380.000 ₫
Resin Glass,MW-620H-3AVDF,NaN,Nhật Bản,Nam,Resin Glass,Quartz,1 năm,NaN,48.1 mm,13.6 mm,10 ATM,NaN,Xanh lá,10 ATM,NaN,Trung Quốc,1.228.000 ₫
Resin Glass,MW-620H-2AVDF,NaN,Nhật Bản,Nam,Resin Glass,Quartz,1 năm,NaN,48.1 mm,13.6 mm,10 ATM,NaN,Xanh dương,10 ATM,NaN,Trung Quốc,1.228.000 ₫
Resin Glass,MW-620H-1AVDF,NaN,Nhật Bản,Nam,Resin Glass,Quartz,1 năm,NaN,48.1 mm,13.6 mm,10 ATM,NaN,Trắng,10 ATM,NaN,Trung Quốc,1.228.000 ₫
Sapphire,,Sapphire,Thụy Sỹ,Nam,Sapphire,Automatic,2 Năm,4 Năm –,40 mm,12 mm,Thép không gỉ 316L,Thép Không Gỉ,Bạc,10 ATM,Lịch ngày – lịch thứ,Thụy Sỹ,49.200.000 ₫
Seiko Presage,SPB471J1,Seiko Presage,Nhật Bản,Nam,Sapphire,Automatic,1 năm,NaN,40.2 mm,13 mm,Thép Không Gỉ,Thép Không Gỉ,Đen,10 ATM,Mặt Số Phụ –,Nhật Bản,37.270.000 ₫
FGW01002W0,,NaN,Nhật Bản,Nam,Sapphire,Quartz,1 năm,5 năm,38mm,6mm,Thép không gỉ,Dây da chính hãng,Trắng,5 ATM,Lịch ngày,Trung Quốc,5.440.000 ₫
Seiko Presage,SPB469J1,Seiko Presage,Nhật Bản,Nam,Sapphire,Automatic,1 năm,NaN,40.2 mm,13.0 mm,Thép Không Gỉ,Thép không gỉ,Trắng,10 ATM,Mặt Số Phụ –,Nhật Bản,37.270.000 ₫
Orient Sun And Moon,RA-AS0101S10B,Orient Sun And Moon,Nhật Bản,Nam,Mineral Crystal,Automatic,1 năm,5 năm,41 mm,13 mm,Thép không gỉ,Thép không gỉ,Trắng,3 ATM,Sun And Moon,Trung Quốc,13.560.000 ₫
Orient Sun And Moon,RA-AS0103A10B,Orient Sun And Moon,Nhật Bản,Nam,Mineral Crystal,Automatic,1 năm,5 năm,41 mm,13 mm,Thép không gỉ,Dây da bò kiểu vân cá sấu,Xanh dương,3 ATM,Sun And Moon,Trung Quốc,12.130.000 ₫
FGW01003W0,,NaN,Nhật Bản,Nam,Sapphire,Quartz,1 năm,NaN,38mm,7mm,Thép không gỉ,Thép không gỉ,Trắng,5 ATM,Lịch Ngày,Trung Quốc,6.680.000 ₫
BM7521-85L,,NaN,Nhật Bản,Nam,Sapphire,Eco-Drive,1 năm,5 năm,39.5 mm,9.5 mm,Thép không gỉ,Thép không gỉ,Xanh navy,5 ATM,Lịch ngày,Trung Quốc,9.585.000 ₫
Mineral Crystal,RA-AA0B04R19B,Mineral Crystal,Nhật Bản,NaN,Mineral Crystal,Automatic,1 năm,5 năm,41.7 mm,12.6 mm,Thép không gỉ,Thép không gỉ,Đỏ đen,5 ATM,NaN,Trung Quốc,8.800.000 ₫
Orient SK,RA-AA0B03L19B,Orient SK,Nhật Bản,Nam,Mineral Crystal,Automatic,1 năm,5 năm,41.7 mm,12.6 mm,Thép không gỉ,Thép không gỉ,Xanh,5 ATM,Lịch ngày – Lịch thứ,Trung Quốc,8.000.000 ₫
Sapphire,NH9130-84L,NaN,Nhật Bản,Nam,Sapphire,Automatic,1 năm,5 năm,40 mm,10.7 mm,Thép không gỉ,NaN,Xanh dương,5 ATM,NaN,Trung Quốc,10.085.000 ₫
Orient Star,RE-AT0004S00B,Orient Star,Nhật Bản,Nam,Sapphire,Automatic,1 năm,5 năm,39.3 mm,12.2 mm,Thép không gỉ,Thép mạ vàng demi,Trắng,10 ATM(đi bơi được),NaN,Trung Quốc,21.460.000 ₫
Orient Esteem,FAG02003W0,Orient Esteem,Nhật Bản,Nam,Mineral Crystal,Automatic,1 năm,5 năm,41 mm,12 mm,Thép không gỉ,Dây da,Trắng,5 ATM,NaN,Trung Quốc,7.730.000 ₫
NaN,NaN,Seiko Prospex,NaN,NaN,Sapphire,Thép không gỉ,NaN,NaN,NaN,NaN,Thép không gỉ,NaN,NaN,NaN,NaN,NaN,22.000.000 ₫
NaN,NaN,NaN,NaN,NaN,Sapphire,Automatic,NaN,NaN,NaN,NaN,NaN,NaN,NaN,NaN,NaN,NaN,58.260.000 ₫
The Longines Master Collection,L2.673.4.78.6,The Longines Master Collection,Thụy Sỹ,Nam,Sapphire,Automatic,2 năm,4 năm –,40 mm,11 mm,Thép không gỉ,Thép dáng Oyster,Bạc họa tiết Lúa mạch,3 ATM,Lịch –,Thụy Sỹ,94.875.000 ₫
NH9130-17A,,NaN,Nhật Bản,Nam,Sapphire,Automatic,1 năm,5 năm,40 mm,10.7 mm,Thép không gỉ,Dây da bê,Champage,5 ATM,NaN,Trung Quốc,8.985.000 ₫
NaN,NaN,Sapphire,NaN,NaN,Sapphire,Automatic,NaN,NaN,NaN,NaN,NaN,NaN,NaN,NaN,"Lịch Thế Giới, Lịch Ngày",NaN,79.450.000 ₫
NaN,NaN,Sapphire,NaN,NaN,Sapphire,Automatic,NaN,NaN,NaN,NaN,NaN,NaN,NaN,NaN,NaN,NaN,68.850.000 ₫
NaN,NaN,Sapphire,NaN,NaN,Sapphire,Automatic,NaN,NaN,NaN,NaN,NaN,NaN,NaN,NaN,NaN,NaN,54.690.000 ₫
NaN,NaN,Sapphire,NaN,NaN,Sapphire,Automatic,NaN,NaN,NaN,NaN,NaN,NaN,NaN,NaN,NaN,NaN,49.390.000 ₫
NaN,NaN,Sapphire,NaN,NaN,Sapphire,Automatic,NaN,NaN,NaN,NaN,NaN,NaN,NaN,NaN,NaN,NaN,44.090.000 ₫
NaN,NaN,Sapphire,NaN,NaN,Sapphire,Automatic,NaN,NaN,NaN,NaN,NaN,NaN,NaN,NaN,NaN,NaN,44.090.000 ₫
Seiko,SRPK29K1,Hardlex Crystal,Nhật Bản,Nam,Hardlex Crystal,Automatic,1 năm,NaN,38 mm,12.1 mm,Thép Không Gỉ,Thép Không Gỉ,Đen,10 ATM,,,10.030.000 ₫
Seiko,SRPJ83K1,Seiko 5 Field,Nhật Bản,Nam,Hardlex Crystal,Automatic,1 năm,NaN,36.4 mm,12.5 mm,Thép Không Gỉ,Dây Vải (,Beige (Màu Be),10 ATM,,,9.460.000 ₫
NaN,NaN,Sapphire,NaN,NaN,Sapphire,Automatic,NaN,NaN,NaN,NaN,NaN,NaN,NaN,NaN,NaN,NaN,84.740.000 ₫
NaN,NaN,Sapphire,NaN,NaN,Sapphire,Automatic,NaN,NaN,NaN,NaN,NaN,NaN,NaN,NaN,NaN,NaN,82.090.000 ₫
NaN,NaN,Sapphire,NaN,NaN,Sapphire,Automatic,NaN,NaN,NaN,NaN,NaN,NaN,NaN,NaN,NaN,NaN,81.170.000 ₫
NJ0084-59A,,NaN,Nhật Bản,Nam,Sapphire,Automatic,1 năm,5 năm,42 mm,11 mm,Thép Không Gỉ,Thép không gỉ,Trắng,5 ATM,Lịch ngày,Trung Quốc,12.985.000 ₫
NH8391-51L,,Citizen C7,Nhật Bản,Nam,Mineral Crystal,Automatic,1 năm,5 năm,40.2 mm,13.1 mm,Thép không gỉ,Thép không gỉ,Xanh dương,5 ATM,NaN,Trung Quốc,9.285.000 ₫
NH8391-51X,NaN,Citizen C7,Nhật Bản,Nam,Mineral Crystal,Automatic,1 năm,5 năm,40.2 mm,13.1 mm,Thép không gỉ,Thép không gỉ,Xanh lá,5 ATM,NaN,Trung Quốc,9.285.000 ₫
NJ0150-81E,,Citizen Tsuyosa,Nhật Bản,Nam,NaN,NaN,NaN,NaN,NaN,NaN,NaN,NaN,NaN,5 ATM,NaN,NaN,12.185.000 ₫
NJ0150-81L,,Citizen Tsuyosa,Nhật Bản,Nam,NaN,NaN,NaN,NaN,NaN,NaN,NaN,NaN,NaN,5 ATM,NaN,NaN,12.185.000 ₫
NaN,NaN,Sapphire,NaN,NaN,NaN,Automatic,NaN,NaN,NaN,NaN,NaN,NaN,NaN,NaN,NaN,Thụy Sỹ,28.680.000 ₫
NH8350-59A,,NaN,Nhật Bản,Nam,Mineral Crystal,Automatic,1 năm,5 Năm,40 mm,12 mm,Thép không gỉ,Thép không gỉ,NaN,5 ATM,Lịch ngày – Lịch thứ – Dạ quang,NaN,6.185.000 ₫
NH8350-83A,,NaN,Nhật Bản,Nam,Mineral Crystal,Automatic,1 năm,5 năm,40 mm,12 mm,Thép không gỉ,Thép không gỉ,Trắng,5 ATM,Lịch ngày – Lịch thứ,Trung Quốc,6.185.000 ₫
NH8352-53P,,NaN,Nhật Bản,Nam,Mineral Crystal,Automatic,1 năm,5 năm,40 mm,12 mm,Thép không gỉ,Thép không gỉ,Vàng nhạt,5 ATM,Lịch ngày – Lịch thứ,Trung Quốc,7.085.000 ₫
Doxa,D206SWH,Sapphire,Thụy Sỹ,Nam,Sapphire,Automatic,2 năm,NaN,41 mm,12 mm,Thép không gỉ,Thép không gỉ,Bạc,5 ATM,Lịch thứ – Lịch ngày –,Thụy Sỹ,36.960.000 ₫
Saga,NaN,NaN,NaN,Nam,NaN,Quartz,NaN,NaN,38 mm,NaN,NaN,NaN,Trắng,5 ATM,NaN,Trung Quốc,4.600.000 ₫
Doxa,D173SRO,Sapphire,Thụy Sỹ,Nam,Sapphire,Automatic,2 năm,NaN,40 mm,12 mm,Thép không gỉ,Thép không gỉ,Hồng,10 ATM,Lịch ngày – Hand Winding –,Thụy Sỹ,46.690.000 ₫
Sapphire,,NaN,Thụy Sỹ,Nam/Nữ,Sapphire,NaN,2 năm,4 năm –,40 mm,mm,Thép không gỉ,Thép không gỉ,NaN,5 ATM,NaN,Thụy Sỹ,56.550.000 ₫
Sapphire,,NaN,Thụy Sỹ,Nam,Sapphire,NaN,2 năm,4 năm –,40 mm,mm,Thép không gỉ,Thép không gỉ mạ PVD,NaN,10 ATM,Lịch ngày,Thụy Sỹ,84.310.000 ₫
Citizen,NB6059-57P,Citizen Series 8,Nhật Bản,Nam,Sapphire,Automatic,1 năm,5 năm,40 mm,10.55 mm,Thép không gỉ,Thép không gỉ (H-Link),Vàng Champagne,10 ATM,Lịch ngày,NaN,37.685.000 ₫
Citizen,NB6050-51W,Citizen Series 8,Nhật Bản,Nam,Sapphire,Automatic,1 năm,5 năm,40 mm,10.55 mm,Thép không gỉ,Thép không gỉ,Xanh lá,10 ATM– Dạ quang,Lịch ngày,NaN,36.885.000 ₫
Citizen,NB6069-53H,Citizen Series 8,Nhật Bản,Nam,Sapphire,Automatic,1 năm,5 năm,42.6 mm,11.7 mm,Thép không gỉ,Thép không gỉ,Đen,20 ATM,Lịch ngày – Bezel xoay hai chiều – Dạ quang,NaN,46.785.000 ₫
Citizen,NB6066-51W (Limited Edition 1.700 mẫu toàn cầu),Citizen Series 8,Nhật Bản,Nam,Sapphire,Automatic,1 năm,NaN,NaN,NaN,Thép Không Gỉ,NaN,NaN,NaN,NaN,NaN,43.485.000 ₫
NaN,NaN,Citizen Series 8,NaN,NaN,Sapphire,Automatic,NaN,NaN,NaN,NaN,Thép Không Gỉ,NaN,NaN,NaN,NaN,NaN,43.485.000 ₫
NaN,NaN,Citizen Series 8,NaN,NaN,Sapphire,Automatic,NaN,NaN,NaN,NaN,Thép Không Gỉ,NaN,NaN,NaN,NaN,NaN,47.285.000 ₫
AW0081-89L,,NaN,Nhật Bản,Nam,Mineral Crystal,Eco-Drive,1 năm,5 năm,42 mm,10 mm,Thép không gỉ,Thép không gỉ,Xanh,10 ATM,NaN,Trung Quốc,6.685.000 ₫
Sapphire,RA-AR0001S10B,Sapphire,Nhật Bản,Nam,Sapphire,Automatic,1 năm,5 năm,40.8 mm,11 mm,Thép không gỉ,Thép không gỉ (,Trắng,5 ATM,Open Heart – Small Second,NaN,12.410.000 ₫
T006.407.22.036.01,,Tissot Le Locle,Thụy Sỹ,Nam,Sapphire,Automatic,2 năm,,39.3 mm,9.8 mm,Thép không gỉ,Thép mạ vàng PVD,Trắng,3 ATM,NaN,Thụy Sỹ,28.000.000 ₫
Mineral Crystal,NH8353-18A,NaN,Nhật Bản,Nam,Mineral Crystal,Automatic,1 năm,5 năm,40 mm,12 mm,Thép không gỉ,Dây da chính hãng,Trắng,5 ATM,Lịch ngày – Lịch thứ,Trung Quốc,6.485.000 ₫
BM7461-18A,,NaN,Nhật Bản,Nam,Mineral Crystal,Eco-Drive,1 năm,5 năm,40 mm,10 mm,Thép không gỉ,Dây da,Trắng,5 ATM,Lịch ngày,Trung Quốc,6.085.000 ₫
Mineral Crystal,NH8350-08A,NaN,Nhật Bản,Nam,Mineral Crystal,Automatic,1 năm,5 năm,40 mm,11.1 mm,Thép không gỉ,Dây da chính hãng,Trắng,5 ATM,Lịch ngày – Lịch thứ,Trung Quốc,6.085.000 ₫
NaN,NaN,NaN,NaN,NaN,NaN,NaN,NaN,NaN,NaN,NaN,NaN,NaN,NaN,NaN,NaN,NaN,NaN
NH8353-00H,,NaN,Nhật Bản,Nam,Mineral Crystal,Automatic,1 năm,5 năm,40 mm,12 mm,Thép không gỉ,Dây da nâu giả vân cá sấu,Đen,5 ATM,Lịch ngày – Lịch thứ,Trung Quốc,6.485.000 ₫
Mineral Crystal,NH8350-59L,NaN,Nhật Bản,Nam,Mineral Crystal,Automatic,1 năm,5 năm,NaN,12 mm,Thép không gỉ,Thép không gỉ,Xanh,5 ATM,Lịch ngày – Lịch thứ,Trung Quốc,6.185.000 ₫
Mineral Crystal,NH8350-59E,NaN,Nhật Bản,Nam,Mineral Crystal,Automatic,1 năm,5 năm,40 mm,12 mm,Thép không gỉ,Thép không gỉ,Đen,5 ATM,Lịch ngày – Lịch thứ,Trung Quốc,6.185.000 ₫
Frederique Constant Classics,FC-311S4C6,Frederique Constant Classics,Thụy Sỹ,Nam,Sapphire,Automatic,2 năm,,30.4 mm x 33.3 mm,NaN,Thép không gỉ,Dây da bê màu đen,Trắng,3 ATM,NaN,Thụy Sỹ,46.990.000 ₫
Orient mặt đỏ,RA-AR0010R10B,Orient mặt đỏ,Nhật Bản,Nam,Sapphire,Automatic,1 năm,5 năm,40.8 mm,11 mm,Thép không gỉ,Thép không gỉ,Đỏ,5 ATM,,NaN,10.980.000 ₫
Citizen Tsuyosa,NJ0150-56W,Citizen Tsuyosa,Nhật Bản,Nam,NaN,NaN,NaN,5 năm,NaN,NaN,NaN,NaN,NaN,5 ATM,NaN,NaN,12.285.000 ₫
Citizen Tsuyosa,NJ0151-88W,Citizen Tsuyosa,Nhật Bản,Nam,NaN,NaN,NaN,NaN,NaN,NaN,NaN,NaN,NaN,5 ATM,NaN,NaN,12.485.000 ₫
Citizen Tsuyosa,NJ0151-53W,Citizen Tsuyosa,Nhật Bản,Nam,NaN,NaN,NaN,NaN,NaN,NaN,NaN,NaN,NaN,5 ATM,NaN,NaN,13.585.000 ₫
Thép không gỉ,NaN,NaN,Mỹ,Nam,Thép không gỉ,Thép không gỉ,2 năm,,42 mm,mm,Thép không gỉ,Dây silicon đen,Đen,5 ATM,Lịch ngày,Trung Quốc,9.610.000 ₫
Thép không gỉ,NaN,NaN,Mỹ,Nam,Thép không gỉ,Thép không gỉ,2 năm,,42 mm,mm,Thép không gỉ,Dây silicon xám,Xám,5 ATM,Lịch ngày,Trung Quốc,9.550.000 ₫
Mineral Crystal,NaN,NaN,Mỹ,Nam,Mineral Crystal,Automatic,2 năm,,42 mm,mm,Thép không gỉ,Dây da đen,Bạc – Lộ cơ,"5 ATM(Rửa tay, đi mưa nhỏ)",Sun and Moon,Trung Quốc,11.940.000 ₫
Mineral Crystal,NaN,NaN,Mỹ,Nam,Mineral Crystal,Thép không gỉ,2 năm,,42 mm,mm,Thép không gỉ,Dây da nâu,Bạc – Lộ cơ,"5 ATM(Đeo rửa tay, đi mưa nhỏ)",Sun and Moon,Trung Quốc,11.940.000 ₫
Saga,NaN,Mineral Crystal,Mỹ,Nam,Mineral Crystal,Automatic,2 năm,,42 mm,mm,Thép không gỉ,Dây da chính hãng,Đen Platinum,5 ATM,"Cơ chế ngừng kim giây – Hacking Second, Lên dây cót thủ công – Hand Winding",Trung Quốc,12.840.000 ₫
Sapphire,SPB165J1,NaN,Nhật Bản,Nam,Sapphire,Automatic,1 năm,5 năm,39 mm,11 mm,Thép không gỉ,Thép dáng Oyster,Trắng,10 ATM(Đi bơi được),NaN,NaN,29.400.000 ₫
Mineral crystal,BM7624-82A,Mineral crystal,Nhật Bản,Nam,Mineral crystal,Eco-Drive,1 năm,5 năm,38 mm,9.7 mm,Thép không gỉ,Thép không gỉ,Trắng,10 ATM,NaN,Trung Quốc,8.685.000 ₫
Mineral crystal,BM7620-83L,Mineral crystal,Nhật Bản,Nam,Mineral crystal,Eco-Drive,1 năm,5 năm,38 mm,9.7 mm,Thép không gỉ,Thép không gỉ,Xanh dương,10 ATM,NaN,Trung Quốc,7.985.000 ₫
Hardlex Crystal,SSK001K1,Hardlex Crystal,Nhật Bản,Nam,Hardlex Crystal,Automatic,1 năm,,42.5 mm,13.6 mm,Thép không gỉ,Thép không gỉ,Đen,10 ATM,Lịch ngày – GMT (Múi giờ thứ 2),NaN,14.250.000 ₫
Mineral crystal,BM7620-83A,Mineral crystal,Nhật Bản,Nam,Mineral crystal,Eco-Drive,1 năm,5 năm,38 mm,9.7 mm,Thép không gỉ,Thép không gỉ,Trắng,10 ATM,NaN,Trung Quốc,7.985.000 ₫
Quartz,,NaN,Nhật Bản,Nam,Quartz,Quartz,1 năm,5 năm,41 mm,10.1 mm,Thép không gỉ,Thép dáng Oyster,Xanh,5 ATM,Lịch ngày,Trung Quốc,5.085.000 ₫
